user_id,clicks_per_min,avg_session_time_min,bookings_last_hour,ip_entropy,is_fraud,total_views,total_clicks,total_books,total_actions,click_rate,book_rate
1,3,9.386035420714643,0,0.840073566621334,0,6,9,10,25,1.4999997500000417,0.39999998400000064
2,4,9.084532468832425,1,0.8904184387962559,0,4,12,9,25,2.9999992500001875,0.35999998560000057
3,5,11.354119844380564,1,0.8569630853247421,0,3,10,12,25,3.3333322222225923,0.4799999808000007
4,2,4.631234634593973,0,0.9069716104669838,0,1,11,13,25,10.999989000011,0.5199999792000009
5,3,5.113418609329228,1,0.7535272055493164,0,2,10,13,25,4.99999750000125,0.5199999792000009
6,4,13.38602595260588,0,0.7722747847701672,0,4,10,11,25,2.499999375000156,0.4399999824000007
7,3,11.822651847358204,0,0.9157699982889596,0,2,11,12,25,5.499997250001375,0.4799999808000007
8,3,3.579766041623806,1,0.8607674852336998,0,7,10,8,25,1.428571224489825,0.3199999872000005
9,2,9.857581540510589,0,0.6300523678592967,0,4,9,12,25,2.2499994375001404,0.4799999808000007
10,1,4.238044141375895,0,0.8673776223263115,0,4,14,7,25,3.4999991250002185,0.27999998880000043
11,1,6.1770439247219775,1,0.8961285060015711,0,6,6,13,25,0.9999998333333611,0.5199999792000009
12,2,12.40479551798659,1,0.9149429523281531,0,7,13,5,25,1.8571425918367725,0.19999999200000032
13,1,15.060825499929528,0,0.8928791020697255,0,0,8,17,25,8000000.0,0.679999972800001
14,5,6.837557103922666,1,0.8846492512434805,0,1,10,14,25,9.999990000010001,0.5599999776000009
15,5,16.061410202711052,1,0.6821297910662957,0,6,10,9,25,1.666666388888935,0.35999998560000057
16,4,12.524442695654706,1,0.7149269355564825,0,4,10,11,25,2.499999375000156,0.4399999824000007
17,2,10.349483474425917,1,0.844468220670461,0,7,9,9,25,1.2857141020408425,0.35999998560000057
18,1,13.660332561226788,0,0.985477243201904,0,1,10,14,25,9.999990000010001,0.5599999776000009
19,3,14.40504192986237,0,0.8813382233331383,0,7,7,11,25,0.9999998571428775,0.4399999824000007
20,1,11.510982122405878,0,0.6520571159906,0,3,12,10,25,3.999998666667111,0.39999998400000064
21,3,8.421488788764579,1,0.8829601958491327,0,3,9,13,25,2.9999990000003334,0.5199999792000009
22,2,9.51920073522632,0,0.8450937108736527,0,3,15,7,25,4.999998333333888,0.27999998880000043
23,3,17.5827793067887,0,0.8955116131554147,0,3,8,14,25,2.666665777778074,0.5599999776000009
24,2,16.024907978179684,1,0.714916702616384,0,3,7,15,25,2.3333325555558146,0.599999976000001
25,4,15.037039486763224,0,0.8137720792719797,0,4,8,13,25,1.999999500000125,0.5199999792000009
26,2,10.666383939323255,0,0.7788283006550782,0,6,3,16,25,0.49999991666668053,0.639999974400001
27,2,5.192925677477259,1,0.7029101311293511,0,4,8,13,25,1.999999500000125,0.5199999792000009
28,3,10.66888257593256,0,0.9808452869994216,0,1,6,18,25,5.999994000006001,0.7199999712000011
29,5,9.232348760035272,1,0.9343455234572392,0,1,11,13,25,10.999989000011,0.5199999792000009
30,2,10.407655239116693,1,0.8207849354359179,0,4,5,16,25,1.249999687500078,0.639999974400001
31,3,8.818070014075719,1,0.7766959298235905,0,7,9,9,25,1.2857141020408425,0.35999998560000057
32,5,18.20598969801594,1,0.6549801650320404,0,2,14,9,25,6.99999650000175,0.35999998560000057
33,1,10.00170954721566,0,0.9666897724527848,0,8,9,8,25,1.1249998593750177,0.3199999872000005
34,2,3.041511690835442,1,0.7500932644762887,0,4,8,13,25,1.999999500000125,0.5199999792000009
35,4,4.123911473729006,0,0.988096022198776,0,5,9,11,25,1.799999640000072,0.4399999824000007
36,1,8.67824784842187,0,0.6523113453178483,0,3,9,13,25,2.9999990000003334,0.5199999792000009
37,1,12.145773196076313,0,0.6137673854284927,0,3,11,11,25,3.6666654444448517,0.4399999824000007
38,3,13.195016443274085,0,0.9625893136368168,0,2,15,8,25,7.499996250001875,0.3199999872000005
39,4,8.767346464493654,1,0.693638370601085,0,1,12,12,25,11.999988000012001,0.4799999808000007
40,5,6.47060973818884,1,0.920285546120882,0,3,11,11,25,3.6666654444448517,0.4399999824000007
41,5,7.221055242298722,1,0.9409649007987514,0,2,6,17,25,2.99999850000075,0.679999972800001
42,4,15.991435829536542,0,0.6570239971354196,0,5,8,12,25,1.599999680000064,0.4799999808000007
43,5,12.931113453710116,0,0.9373513189852908,0,4,6,15,25,1.4999996250000938,0.599999976000001
44,4,17.18434494611666,0,0.7741311224501586,0,4,7,14,25,1.7499995625001092,0.5599999776000009
45,3,17.925752668697882,1,0.7559279303876515,0,2,9,14,25,4.499997750001125,0.5599999776000009
46,4,10.436380223046108,0,0.8715306673557095,0,4,10,11,25,2.499999375000156,0.4399999824000007
47,4,14.67264188848105,0,0.9793068655943128,0,3,13,9,25,4.33333188888937,0.35999998560000057
48,4,16.64013588863734,1,0.9991793032162156,0,6,11,8,25,1.8333330277778286,0.3199999872000005
49,1,8.43074039988629,1,0.8083967662216213,0,1,12,12,25,11.999988000012001,0.4799999808000007
50,5,6.537839563285107,0,0.8459466514843884,0,1,9,15,25,8.999991000009,0.599999976000001
51,4,12.785372690066769,0,0.8812563800443554,0,5,9,11,25,1.799999640000072,0.4399999824000007
52,3,4.73560283380963,1,0.909596001271157,0,6,9,10,25,1.4999997500000417,0.39999998400000064
53,3,18.1443551295414,0,0.6445428518026115,0,2,10,13,25,4.99999750000125,0.5199999792000009
54,4,14.197440583593131,1,0.9962336975908456,0,5,10,10,25,1.99999960000008,0.39999998400000064
55,2,6.186818263045017,0,0.768153725446078,0,2,11,12,25,5.499997250001375,0.4799999808000007
56,5,8.73500003697467,0,0.8614138893088742,0,4,9,12,25,2.2499994375001404,0.4799999808000007
57,1,11.180542097152276,0,0.7854421235479147,0,3,6,16,25,1.9999993333335555,0.639999974400001
58,5,19.19671914617103,1,0.6914796361961411,0,2,10,13,25,4.99999750000125,0.5199999792000009
59,1,18.564132162747,1,0.8581113315935003,0,1,7,17,25,6.9999930000070005,0.679999972800001
60,2,7.969027494236556,1,0.9646833477520704,0,6,9,10,25,1.4999997500000417,0.39999998400000064
61,1,16.577902289594782,1,0.8966619598455796,0,8,7,10,25,0.8749998906250137,0.39999998400000064
62,4,14.458703512426348,0,0.6078350568882397,0,3,9,13,25,2.9999990000003334,0.5199999792000009
63,3,18.712145926727796,1,0.7680699699075136,0,8,13,4,25,1.6249997968750256,0.15999999360000025
64,1,5.824712850553765,1,0.9529451115364996,0,6,9,10,25,1.4999997500000417,0.39999998400000064
65,5,19.99925939799988,1,0.6822846103725858,0,4,8,13,25,1.999999500000125,0.5199999792000009
66,2,17.42996448744516,0,0.9969601690106028,0,7,5,13,25,0.7142856122449125,0.5199999792000009
67,2,16.670680120293802,0,0.7826222050496343,0,5,7,13,25,1.399999720000056,0.5199999792000009
68,4,13.89492333907573,1,0.7804932033642306,0,8,6,11,25,0.7499999062500118,0.4399999824000007
69,2,9.78748145717621,1,0.8405961643201523,0,8,7,10,25,0.8749998906250137,0.39999998400000064
70,3,5.178785104829096,1,0.976763982913644,0,4,4,17,25,0.9999997500000625,0.679999972800001
71,2,19.534354850685787,0,0.8363438536116856,0,5,11,9,25,2.199999560000088,0.35999998560000057
72,3,18.75960553959437,1,0.968409798850542,0,3,8,14,25,2.666665777778074,0.5599999776000009
73,4,4.436705020675172,0,0.7787535645025068,0,5,10,10,25,1.99999960000008,0.39999998400000064
74,5,18.835926493710165,1,0.9588941732914588,0,7,11,7,25,1.5714283469388075,0.27999998880000043
75,2,19.20774474889253,1,0.7133884702918583,0,5,6,14,25,1.199999760000048,0.5599999776000009
76,3,15.45171898523561,0,0.6136845300612302,0,6,7,12,25,1.1666664722222546,0.4799999808000007
77,5,18.009404950037585,0,0.9527001915618036,0,9,8,8,25,0.8888887901234679,0.3199999872000005
78,5,19.200967127103148,0,0.951362215567013,0,2,6,17,25,2.99999850000075,0.679999972800001
79,29,0.7222809838949664,10,0.1267550113212934,1,3,10,12,25,3.3333322222225923,0.4799999808000007
80,3,8.241644449906683,1,0.6388622916314532,0,5,8,12,25,1.599999680000064,0.4799999808000007
81,4,4.540091461574072,0,0.6198698421571389,0,5,12,8,25,2.399999520000096,0.3199999872000005
82,5,11.030280310784006,0,0.8794629520703112,0,4,6,15,25,1.4999996250000938,0.599999976000001
83,1,4.207807398956584,0,0.6288051333335012,0,4,13,8,25,3.2499991875002032,0.3199999872000005
84,5,9.873038632463643,0,0.9072280170236277,0,8,8,9,25,0.9999998750000157,0.35999998560000057
85,5,11.927486478347015,1,0.9757106831797632,0,5,10,10,25,1.99999960000008,0.39999998400000064
86,3,17.725911402866764,1,0.6143466785997456,0,1,14,10,25,13.999986000014001,0.39999998400000064
87,4,8.023178077676766,1,0.9749774916880428,0,6,7,12,25,1.1666664722222546,0.4799999808000007
88,3,6.79702539350135,1,0.8080909236781761,0,5,8,12,25,1.599999680000064,0.4799999808000007
89,36,0.2964391332723196,11,0.117785677327919,1,5,12,8,25,2.399999520000096,0.3199999872000005
90,2,6.246484386370341,0,0.8422559903613004,0,6,11,8,25,1.8333330277778286,0.3199999872000005
91,3,8.81190187800172,1,0.957125481600444,0,4,4,17,25,0.9999997500000625,0.679999972800001
92,1,11.554087439969551,0,0.7253626830399087,0,1,10,14,25,9.999990000010001,0.5599999776000009
93,5,16.708803076373542,0,0.8851435163064489,0,8,13,4,25,1.6249997968750256,0.15999999360000025
94,2,4.748166701123423,1,0.8668011845252392,0,2,8,15,25,3.999998000001,0.599999976000001
95,1,14.449187052235963,0,0.7127472447396747,0,3,11,11,25,3.6666654444448517,0.4399999824000007
96,2,12.658888021739749,0,0.6688296298271491,0,3,8,14,25,2.666665777778074,0.5599999776000009
97,3,6.213732471738533,1,0.6996518991905384,0,2,12,11,25,5.9999970000015,0.4399999824000007
98,4,9.933980585126214,1,0.7858167046386173,0,4,10,11,25,2.499999375000156,0.4399999824000007
99,5,17.620588395608774,1,0.9579757008625523,0,2,6,17,25,2.99999850000075,0.679999972800001
100,3,14.10835513648399,0,0.7498213797692168,0,2,7,16,25,3.499998250000875,0.639999974400001
101,4,19.215079561066084,0,0.9773338021960364,0,4,5,16,25,1.249999687500078,0.639999974400001
102,2,13.856615949651529,0,0.7568348387813224,0,3,8,14,25,2.666665777778074,0.5599999776000009
103,1,12.76663607702259,1,0.6636290442533989,0,5,5,15,25,0.99999980000004,0.599999976000001
104,2,10.272983207753745,0,0.8000096896988852,0,4,13,8,25,3.2499991875002032,0.3199999872000005
105,2,5.350584861858074,1,0.7770178565992849,0,3,14,8,25,4.666665111111629,0.3199999872000005
106,2,14.51114037430354,0,0.8092987857937093,0,6,9,10,25,1.4999997500000417,0.39999998400000064
107,5,6.33904725908465,1,0.8811009572795657,0,4,11,10,25,2.749999312500172,0.39999998400000064
108,2,15.989032998312982,0,0.6945797970598326,0,5,9,11,25,1.799999640000072,0.4399999824000007
109,3,10.747256523850954,1,0.8849579478074947,0,4,7,14,25,1.7499995625001092,0.5599999776000009
110,1,10.951613275330615,0,0.6365533152344985,0,4,8,13,25,1.999999500000125,0.5199999792000009
111,3,14.561478718214078,0,0.742138612502941,0,7,14,4,25,1.999999714285755,0.15999999360000025
112,2,19.937746183520087,1,0.9479241054576332,0,1,6,18,25,5.999994000006001,0.7199999712000011
113,1,5.836964144704434,1,0.6582174949798111,0,3,7,15,25,2.3333325555558146,0.599999976000001
114,1,3.684443455468624,0,0.6180931785227171,0,6,9,10,25,1.4999997500000417,0.39999998400000064
115,48,0.2172922570193562,6,0.2394155410745532,1,5,3,17,25,0.599999880000024,0.679999972800001
116,3,7.981970021063089,1,0.6146002231177113,0,5,5,15,25,0.99999980000004,0.599999976000001
117,4,6.003052611446879,0,0.8302831020794693,0,2,5,18,25,2.499998750000625,0.7199999712000011
118,3,18.50240108440073,0,0.6533083356583875,0,4,4,17,25,0.9999997500000625,0.679999972800001
119,1,7.692851116394213,0,0.8179808947750261,0,4,15,6,25,3.749999062500234,0.23999999040000036
120,2,11.14489294946273,0,0.6662007325472645,0,5,10,10,25,1.99999960000008,0.39999998400000064
121,3,6.230911490110756,0,0.7692350583898947,0,2,6,17,25,2.99999850000075,0.679999972800001
122,1,16.420441662992644,0,0.95888665727388,0,3,8,14,25,2.666665777778074,0.5599999776000009
123,3,9.605165122763818,0,0.8565856538806835,0,4,7,14,25,1.7499995625001092,0.5599999776000009
124,5,17.328647328006273,0,0.8647268969170856,0,5,12,8,25,2.399999520000096,0.3199999872000005
125,3,18.64544001389198,1,0.8140927807949605,0,7,9,9,25,1.2857141020408425,0.35999998560000057
126,5,18.687161808711608,0,0.6625376187296084,0,4,13,8,25,3.2499991875002032,0.3199999872000005
127,4,16.644173081087814,1,0.8408256340006514,0,7,9,9,25,1.2857141020408425,0.35999998560000057
128,3,8.6588495546524,1,0.7975528638549535,0,3,8,14,25,2.666665777778074,0.5599999776000009
129,2,8.675740515353016,0,0.6441312375082099,0,3,7,15,25,2.3333325555558146,0.599999976000001
130,2,6.029019485800806,1,0.967006389478676,0,7,9,9,25,1.2857141020408425,0.35999998560000057
131,5,10.07319810664329,1,0.9674600951348362,0,3,9,13,25,2.9999990000003334,0.5199999792000009
132,1,9.208654173023064,1,0.7857396926601783,0,1,16,8,25,15.999984000016001,0.3199999872000005
133,4,14.298402788227392,0,0.7908012592946557,0,3,8,14,25,2.666665777778074,0.5599999776000009
134,1,11.450440762824163,1,0.8234867568764289,0,2,8,15,25,3.999998000001,0.599999976000001
135,5,8.220454556649187,0,0.7491848006215659,0,9,5,11,25,0.5555554938271674,0.4399999824000007
136,1,19.84160269677517,1,0.9520220575345174,0,5,12,8,25,2.399999520000096,0.3199999872000005
137,5,17.376618146822544,1,0.9604993007439738,0,6,10,9,25,1.666666388888935,0.35999998560000057
138,3,12.69018975409643,0,0.8011490975990375,0,1,8,16,25,7.9999920000080005,0.639999974400001
139,5,6.475306339769812,1,0.7984081669776273,0,2,12,11,25,5.9999970000015,0.4399999824000007
140,5,5.132085215971744,1,0.8784684826043647,0,5,7,13,25,1.399999720000056,0.5199999792000009
141,3,19.03553724249572,1,0.6387062058631257,0,3,8,14,25,2.666665777778074,0.5599999776000009
142,2,12.5811660014401,0,0.7679228476342372,0,3,9,13,25,2.9999990000003334,0.5199999792000009
143,3,7.622157257165277,0,0.7398700779138576,0,6,9,10,25,1.4999997500000417,0.39999998400000064
144,4,8.574261069055236,1,0.6208210676674671,0,5,7,13,25,1.399999720000056,0.5199999792000009
145,4,4.006221956520024,0,0.8056211613519413,0,5,6,14,25,1.199999760000048,0.5599999776000009
146,1,5.18590281291655,0,0.8946542641652684,0,5,6,14,25,1.199999760000048,0.5599999776000009
147,3,9.586779010291105,1,0.9362371399648344,0,3,9,13,25,2.9999990000003334,0.5199999792000009
148,40,0.8843917306633956,8,0.0954477233518585,1,7,5,13,25,0.7142856122449125,0.5199999792000009
149,4,13.877904636296144,1,0.6514605403099283,0,6,10,9,25,1.666666388888935,0.35999998560000057
150,3,18.68641332317744,1,0.9478324725388808,0,5,10,10,25,1.99999960000008,0.39999998400000064
151,3,15.89375023635498,0,0.7605303178244046,0,8,10,7,25,1.2499998437500197,0.27999998880000043
152,5,19.51333236262462,1,0.6709420017941277,0,3,7,15,25,2.3333325555558146,0.599999976000001
153,4,8.151528996234596,1,0.8456018475375445,0,4,5,16,25,1.249999687500078,0.639999974400001
154,1,13.79875536225234,0,0.9682475397757676,0,6,9,10,25,1.4999997500000417,0.39999998400000064
155,4,13.859560534923066,0,0.6383185484864174,0,3,11,11,25,3.6666654444448517,0.4399999824000007
156,40,0.537402501697604,18,0.1810238868196857,1,4,9,12,25,2.2499994375001404,0.4799999808000007
157,3,11.762281728430736,0,0.8711349676130131,0,4,10,11,25,2.499999375000156,0.4399999824000007
158,4,18.793960014140666,1,0.9809571616794446,0,5,11,9,25,2.199999560000088,0.35999998560000057
159,3,18.93642202977576,1,0.9450039688470444,0,6,9,10,25,1.4999997500000417,0.39999998400000064
160,2,9.572981082282766,1,0.8319623298465401,0,3,4,18,25,1.333332888889037,0.7199999712000011
161,2,18.663408072998266,0,0.8951832432188773,0,1,10,14,25,9.999990000010001,0.5599999776000009
162,4,3.4058517551514464,0,0.914316218646106,0,5,9,11,25,1.799999640000072,0.4399999824000007
163,4,19.39896330347124,0,0.7425022733141888,0,4,7,14,25,1.7499995625001092,0.5599999776000009
164,1,5.5354840625532535,1,0.9751475584999956,0,2,11,12,25,5.499997250001375,0.4799999808000007
165,4,18.9026568406235,0,0.8814778251875388,0,3,12,10,25,3.999998666667111,0.39999998400000064
166,3,7.205529239330084,0,0.6756298809865497,0,6,7,12,25,1.1666664722222546,0.4799999808000007
167,3,12.198768433279074,0,0.629262945856172,0,2,7,16,25,3.499998250000875,0.639999974400001
168,1,11.554780519024762,1,0.7426473818270319,0,7,5,13,25,0.7142856122449125,0.5199999792000009
169,1,10.166123675351097,0,0.9426990768731444,0,2,11,12,25,5.499997250001375,0.4799999808000007
170,2,19.27470636678443,0,0.9329683131203612,0,5,15,5,25,2.99999940000012,0.19999999200000032
171,4,16.863561243155758,0,0.8794392744613175,0,7,6,12,25,0.857142734693895,0.4799999808000007
172,3,15.501091116180252,1,0.8457409254286699,0,5,8,12,25,1.599999680000064,0.4799999808000007
173,3,4.197151584034156,0,0.7502104930528704,0,3,13,9,25,4.33333188888937,0.35999998560000057
174,3,5.499135018295307,1,0.9572467801235144,0,8,9,8,25,1.1249998593750177,0.3199999872000005
175,4,17.368021259900026,1,0.8564627648379386,0,6,8,11,25,1.3333331111111482,0.4399999824000007
176,5,3.961082850500597,1,0.6136132577122301,0,2,9,14,25,4.499997750001125,0.5599999776000009
177,2,3.591257811298208,1,0.6597502919329329,0,4,14,7,25,3.4999991250002185,0.27999998880000043
178,5,5.963953304061249,1,0.8407808418026761,0,2,6,17,25,2.99999850000075,0.679999972800001
179,3,8.104271878363086,0,0.8976304787082412,0,5,11,9,25,2.199999560000088,0.35999998560000057
180,1,14.510570506701209,1,0.6728867241303008,0,4,5,16,25,1.249999687500078,0.639999974400001
181,5,5.568172803916148,1,0.6234850305835449,0,2,9,14,25,4.499997750001125,0.5599999776000009
182,5,4.324840219986573,1,0.8663299989075626,0,1,16,8,25,15.999984000016001,0.3199999872000005
183,3,11.481864438851227,1,0.9385694147121272,0,3,9,13,25,2.9999990000003334,0.5199999792000009
184,1,9.213725134649152,1,0.7642310214893491,0,2,11,12,25,5.499997250001375,0.4799999808000007
185,2,16.066247082760455,1,0.9599363857025712,0,3,10,12,25,3.3333322222225923,0.4799999808000007
186,58,0.8266891908587947,14,0.1760087793133116,1,5,9,11,25,1.799999640000072,0.4399999824000007
187,1,18.04892603066867,0,0.9840481028607572,0,4,9,12,25,2.2499994375001404,0.4799999808000007
188,4,13.904481505826697,0,0.686818590857553,0,1,8,16,25,7.9999920000080005,0.639999974400001
189,5,14.420991022646309,1,0.6402693391369756,0,4,6,15,25,1.4999996250000938,0.599999976000001
190,3,14.174796114496033,1,0.6391980987080929,0,3,12,10,25,3.999998666667111,0.39999998400000064
191,3,15.529751114102464,0,0.8167198883877991,0,3,10,12,25,3.3333322222225923,0.4799999808000007
192,5,18.937927388873817,1,0.6040298214742156,0,3,7,15,25,2.3333325555558146,0.599999976000001
193,5,3.488843761947004,1,0.7908152813629634,0,6,9,10,25,1.4999997500000417,0.39999998400000064
194,4,18.267121564280263,0,0.8700012492328412,0,8,8,9,25,0.9999998750000157,0.35999998560000057
195,5,8.144078840822592,1,0.978259741341543,0,4,7,14,25,1.7499995625001092,0.5599999776000009
196,5,3.1891293092513875,1,0.6303598225626404,0,1,8,16,25,7.9999920000080005,0.639999974400001
197,2,18.233404585596237,1,0.8599736247752754,0,1,7,17,25,6.9999930000070005,0.679999972800001
198,3,16.88409782088732,1,0.7137737622391578,0,3,7,15,25,2.3333325555558146,0.599999976000001
199,4,4.87677859595523,1,0.940632061537912,0,2,7,16,25,3.499998250000875,0.639999974400001
200,2,16.67011745118925,1,0.7363420917463916,0,5,14,6,25,2.799999440000112,0.23999999040000036
201,2,16.036000840261373,1,0.9891621012387262,0,5,10,10,25,1.99999960000008,0.39999998400000064
202,4,6.862342370518901,0,0.6446682170967813,0,4,10,11,25,2.499999375000156,0.4399999824000007
203,4,6.389670101641046,1,0.8963881662812225,0,5,3,17,25,0.599999880000024,0.679999972800001
204,4,15.02425218138985,0,0.6261700863716506,0,5,10,10,25,1.99999960000008,0.39999998400000064
205,2,7.922746983912777,0,0.7576581257373293,0,5,6,14,25,1.199999760000048,0.5599999776000009
206,2,6.689718887374878,0,0.9177992383044676,0,3,8,14,25,2.666665777778074,0.5599999776000009
207,3,8.370613249621625,1,0.7263544824202355,0,13,5,7,25,0.3846153550295881,0.27999998880000043
208,4,12.773700004415462,1,0.7853382257016386,0,7,13,5,25,1.8571425918367725,0.19999999200000032
209,2,10.804339175507518,1,0.6497432526134231,0,5,9,11,25,1.799999640000072,0.4399999824000007
210,4,3.38048303570371,0,0.6364128875934351,0,5,10,10,25,1.99999960000008,0.39999998400000064
211,4,15.001976193567105,0,0.6775604379751543,0,3,6,16,25,1.9999993333335555,0.639999974400001
212,4,18.024661901191493,0,0.6405784780340562,0,4,14,7,25,3.4999991250002185,0.27999998880000043
213,4,11.802272221104335,1,0.8294957742995056,0,0,6,19,25,6000000.0,0.7599999696000012
214,5,16.71435820147761,0,0.656925625382926,0,6,8,11,25,1.3333331111111482,0.4399999824000007
215,2,11.592079722633102,0,0.7975005551100449,0,3,17,5,25,5.666664777778407,0.19999999200000032
216,1,3.7669998134303215,0,0.986887803750284,0,4,7,14,25,1.7499995625001092,0.5599999776000009
217,5,16.848570633107556,1,0.6882163220231574,0,2,8,15,25,3.999998000001,0.599999976000001
218,1,15.787945484935694,1,0.9785598324416512,0,3,6,16,25,1.9999993333335555,0.639999974400001
219,1,8.063187606393882,1,0.8113877955908592,0,9,7,9,25,0.7777776913580343,0.35999998560000057
220,1,12.869065643235777,0,0.6965862978946786,0,4,11,10,25,2.749999312500172,0.39999998400000064
221,2,7.617382250998967,1,0.745134075664032,0,9,8,8,25,0.8888887901234679,0.3199999872000005
222,1,4.6232857901743305,1,0.7602748789991074,0,4,10,11,25,2.499999375000156,0.4399999824000007
223,4,12.237443779250375,1,0.8254550683192703,0,1,11,13,25,10.999989000011,0.5199999792000009
224,2,5.2259226495628095,1,0.8272404046956452,0,5,11,9,25,2.199999560000088,0.35999998560000057
225,3,19.18844425525269,1,0.8266227492707459,0,6,13,6,25,2.1666663055556157,0.23999999040000036
226,1,17.16704682095927,0,0.9309222560971258,0,1,13,11,25,12.999987000013,0.4399999824000007
227,3,19.38903015815827,1,0.9812417923165562,0,5,7,13,25,1.399999720000056,0.5199999792000009
228,4,10.912040496883172,1,0.7845084689204139,0,0,10,15,25,10000000.0,0.599999976000001
229,3,10.244284730949898,1,0.8873676656097531,0,6,8,11,25,1.3333331111111482,0.4399999824000007
230,5,19.124329902124224,1,0.8307307757199086,0,3,8,14,25,2.666665777778074,0.5599999776000009
231,2,19.797878657701688,1,0.8240581177728332,0,6,11,8,25,1.8333330277778286,0.3199999872000005
232,3,14.276077398352228,0,0.7952432861791701,0,6,9,10,25,1.4999997500000417,0.39999998400000064
233,5,12.79346509284594,0,0.9269103849468672,0,3,9,13,25,2.9999990000003334,0.5199999792000009
234,4,4.16676969508535,0,0.9649119233214516,0,2,16,7,25,7.999996000002,0.27999998880000043
235,5,4.45402542116687,1,0.7355046878834387,0,4,10,11,25,2.499999375000156,0.4399999824000007
236,1,13.19335129618813,1,0.6040338004809571,0,4,9,12,25,2.2499994375001404,0.4799999808000007
237,2,12.463060777808268,0,0.6417725787725491,0,10,7,8,25,0.699999930000007,0.3199999872000005
238,3,7.393340192788445,1,0.8981679009723342,0,9,7,9,25,0.7777776913580343,0.35999998560000057
239,4,4.70021381261461,1,0.7161060551522282,0,3,9,13,25,2.9999990000003334,0.5199999792000009
240,2,15.250459099402082,1,0.6628529521767278,0,2,11,12,25,5.499997250001375,0.4799999808000007
241,3,3.055029821005381,0,0.7413083758327403,0,5,10,10,25,1.99999960000008,0.39999998400000064
242,1,12.256913048233653,0,0.871127228129068,0,3,10,12,25,3.3333322222225923,0.4799999808000007
243,5,19.78994123045917,1,0.7177744069113684,0,5,7,13,25,1.399999720000056,0.5199999792000009
244,5,16.908605863476197,1,0.9886634023258528,0,3,8,14,25,2.666665777778074,0.5599999776000009
245,2,14.865615769435164,0,0.62190683950386,0,4,14,7,25,3.4999991250002185,0.27999998880000043
246,4,17.086672821903065,0,0.7429575904515966,0,7,10,8,25,1.428571224489825,0.3199999872000005
247,3,14.838607208552858,0,0.7051788825310717,0,4,13,8,25,3.2499991875002032,0.3199999872000005
248,4,11.831640206354116,0,0.7889200158138447,0,2,12,11,25,5.9999970000015,0.4399999824000007
249,5,4.269743879563588,0,0.8705445690062428,0,3,10,12,25,3.3333322222225923,0.4799999808000007
250,5,9.398649364496375,1,0.989803182553468,0,3,10,12,25,3.3333322222225923,0.4799999808000007
251,3,17.882032367903065,0,0.9692734709662364,0,5,10,10,25,1.99999960000008,0.39999998400000064
252,1,19.82488259690997,0,0.9292791100361656,0,3,13,9,25,4.33333188888937,0.35999998560000057
253,4,15.083909534660762,0,0.6969889432389993,0,4,11,10,25,2.749999312500172,0.39999998400000064
254,5,12.387503882518828,0,0.6459404217584399,0,3,20,2,25,6.666664444445185,0.07999999680000013
255,5,9.962044108420034,1,0.927840531170369,0,4,7,14,25,1.7499995625001092,0.5599999776000009
256,4,18.89611978338429,0,0.8263650274811165,0,9,5,11,25,0.5555554938271674,0.4399999824000007
257,4,18.26052169500289,1,0.8669926816509627,0,7,10,8,25,1.428571224489825,0.3199999872000005
258,4,7.721595230283149,0,0.8238209375445904,0,2,13,10,25,6.499996750001625,0.39999998400000064
259,5,8.839691343470736,0,0.7929081512726607,0,6,11,8,25,1.8333330277778286,0.3199999872000005
260,1,12.885154372423688,1,0.7238186953988817,0,1,12,12,25,11.999988000012001,0.4799999808000007
261,3,4.094192626835926,1,0.6063895493466991,0,4,13,8,25,3.2499991875002032,0.3199999872000005
262,1,14.609486446042387,1,0.7704220175584968,0,2,15,8,25,7.499996250001875,0.3199999872000005
263,3,11.959881074522892,1,0.9825704554786878,0,2,8,15,25,3.999998000001,0.599999976000001
264,2,8.137972016488183,0,0.6436308455892672,0,2,10,13,25,4.99999750000125,0.5199999792000009
265,3,6.206610972390303,0,0.6722831938555996,0,5,7,13,25,1.399999720000056,0.5199999792000009
266,4,4.728878048149105,1,0.7477624439819017,0,6,12,7,25,1.9999996666667221,0.27999998880000043
267,2,8.409356641478535,1,0.9628082532852794,0,4,11,10,25,2.749999312500172,0.39999998400000064
268,5,7.1425592125773125,0,0.7952599681785532,0,4,6,15,25,1.4999996250000938,0.599999976000001
269,5,9.333094222877587,0,0.8862686941562621,0,4,10,11,25,2.499999375000156,0.4399999824000007
270,3,15.684812579153832,0,0.7349607749056782,0,2,15,8,25,7.499996250001875,0.3199999872000005
271,4,17.29055914118817,0,0.9846798404922948,0,3,7,15,25,2.3333325555558146,0.599999976000001
272,5,10.185613792151464,1,0.7730608526352682,0,6,9,10,25,1.4999997500000417,0.39999998400000064
273,4,15.749978238676148,0,0.6105534142202355,0,6,11,8,25,1.8333330277778286,0.3199999872000005
274,2,6.740733871204254,0,0.8863290960270896,0,3,10,12,25,3.3333322222225923,0.4799999808000007
275,5,19.110651079375128,1,0.9543406392609368,0,4,9,12,25,2.2499994375001404,0.4799999808000007
276,1,6.820410378691776,1,0.7460917391920043,0,4,12,9,25,2.9999992500001875,0.35999998560000057
277,1,18.53832489543556,1,0.6814167965553196,0,4,7,14,25,1.7499995625001092,0.5599999776000009
278,2,14.1416247275404,1,0.7711322045827338,0,6,8,11,25,1.3333331111111482,0.4399999824000007
279,3,11.654059510514491,0,0.6555494784310031,0,2,7,16,25,3.499998250000875,0.639999974400001
280,2,9.52554276136796,1,0.9688103311424748,0,5,8,12,25,1.599999680000064,0.4799999808000007
281,4,11.756865127556376,1,0.9036627095659456,0,2,9,14,25,4.499997750001125,0.5599999776000009
282,3,17.951366636566583,0,0.7797204522499592,0,1,12,12,25,11.999988000012001,0.4799999808000007
283,1,19.6949877113327,1,0.6032528401255074,0,4,8,13,25,1.999999500000125,0.5199999792000009
284,3,17.319125389722423,0,0.6044799086944277,0,10,9,6,25,0.8999999100000091,0.23999999040000036
285,3,12.962129041383983,0,0.8656419606397885,0,8,15,2,25,1.8749997656250295,0.07999999680000013
286,3,19.39646766885736,1,0.9165963204607932,0,4,10,11,25,2.499999375000156,0.4399999824000007
287,5,7.495717282398413,0,0.8783193585958677,0,4,7,14,25,1.7499995625001092,0.5599999776000009
288,1,19.09337207515797,0,0.9206016104416734,0,7,11,7,25,1.5714283469388075,0.27999998880000043
289,2,3.6044892195784746,0,0.989067031544386,0,6,9,10,25,1.4999997500000417,0.39999998400000064
290,4,14.553353969185602,0,0.6122259802787539,0,6,7,12,25,1.1666664722222546,0.4799999808000007
291,1,15.41209953697524,0,0.8827743170968929,0,2,12,11,25,5.9999970000015,0.4399999824000007
292,1,16.225594757593644,0,0.6771049915782804,0,7,8,10,25,1.14285697959186,0.39999998400000064
293,3,4.169363056419943,0,0.7815018912720806,0,3,9,13,25,2.9999990000003334,0.5199999792000009
294,2,10.50529615311654,1,0.8512045554541414,0,8,14,3,25,1.7499997812500274,0.11999999520000018
295,2,16.276106155070075,1,0.8906234803327986,0,3,10,12,25,3.3333322222225923,0.4799999808000007
296,4,14.879046456636912,0,0.9677103488904688,0,4,9,12,25,2.2499994375001404,0.4799999808000007
297,5,9.267118293026527,0,0.9848029604811076,0,1,7,17,25,6.9999930000070005,0.679999972800001
298,1,10.9557326211732,0,0.931314134051906,0,1,13,11,25,12.999987000013,0.4399999824000007
299,3,15.055242505522813,1,0.6062560935123917,0,5,7,13,25,1.399999720000056,0.5199999792000009
300,3,7.909153352293075,0,0.8650884478244489,0,6,8,11,25,1.3333331111111482,0.4399999824000007
301,1,12.169868162116323,1,0.8528421488361959,0,4,5,16,25,1.249999687500078,0.639999974400001
302,5,4.494606260595907,0,0.9982928672052218,0,3,6,16,25,1.9999993333335555,0.639999974400001
303,3,13.917769447407611,1,0.8939080879198007,0,5,10,10,25,1.99999960000008,0.39999998400000064
304,1,14.889448068091449,1,0.7514362296758508,0,6,11,8,25,1.8333330277778286,0.3199999872000005
305,1,16.22202800430184,0,0.9623959572746458,0,2,6,17,25,2.99999850000075,0.679999972800001
306,4,12.708987139462897,1,0.618802264890041,0,4,11,10,25,2.749999312500172,0.39999998400000064
307,3,7.021633938753315,1,0.6365921716707527,0,7,9,9,25,1.2857141020408425,0.35999998560000057
308,3,17.799483540113435,0,0.9682348629838532,0,5,9,11,25,1.799999640000072,0.4399999824000007
309,5,5.688373763159887,0,0.6485704229362529,0,2,7,16,25,3.499998250000875,0.639999974400001
310,2,18.81509656257853,0,0.78277937218897,0,5,9,11,25,1.799999640000072,0.4399999824000007
311,1,7.196864632865702,1,0.8686801635100578,0,3,8,14,25,2.666665777778074,0.5599999776000009
312,5,19.96262326320369,0,0.7529720774161739,0,7,8,10,25,1.14285697959186,0.39999998400000064
313,4,5.590235535422515,0,0.7265219512245809,0,4,8,13,25,1.999999500000125,0.5199999792000009
314,5,7.780718694012756,1,0.994609208096484,0,4,20,1,25,4.999998750000312,0.03999999840000006
315,3,5.513815241887706,1,0.6720818869521173,0,3,12,10,25,3.999998666667111,0.39999998400000064
316,4,9.047670683728532,1,0.8071500203825375,0,7,10,8,25,1.428571224489825,0.3199999872000005
317,1,15.118325029029902,0,0.8559263547124563,0,6,10,9,25,1.666666388888935,0.35999998560000057
318,3,19.49840744031381,1,0.7548888723264944,0,3,9,13,25,2.9999990000003334,0.5199999792000009
319,3,12.221764120657731,1,0.9351087193027516,0,5,10,10,25,1.99999960000008,0.39999998400000064
320,4,12.424847850031156,0,0.7674217496902378,0,9,10,6,25,1.1111109876543348,0.23999999040000036
321,1,13.615754845030926,1,0.9671957862826344,0,3,5,17,25,1.6666661111112961,0.679999972800001
322,1,4.320675954108992,1,0.9825417069375564,0,5,7,13,25,1.399999720000056,0.5199999792000009
323,5,5.524149678523505,1,0.823202842365693,0,3,7,15,25,2.3333325555558146,0.599999976000001
324,3,18.345760221527804,0,0.6318008064839503,0,5,7,13,25,1.399999720000056,0.5199999792000009
325,3,6.485925655770212,0,0.972501548134828,0,5,4,16,25,0.799999840000032,0.639999974400001
326,3,19.66695346233385,0,0.9969492119640484,0,1,10,14,25,9.999990000010001,0.5599999776000009
327,3,19.19179572324816,0,0.8694776006337145,0,3,8,14,25,2.666665777778074,0.5599999776000009
328,5,10.227228926647246,1,0.7564180593686629,0,11,11,3,25,0.9999999090909174,0.11999999520000018
329,1,5.299548554720711,0,0.6162658341676325,0,6,5,14,25,0.8333331944444675,0.5599999776000009
330,2,5.82334419208716,0,0.8046645458644455,0,9,9,7,25,0.9999998888889013,0.27999998880000043
331,1,9.228836032710769,1,0.748450634757607,0,2,8,15,25,3.999998000001,0.599999976000001
332,1,8.399482492593041,0,0.6241497489325217,0,4,10,11,25,2.499999375000156,0.4399999824000007
333,4,19.82206621700349,0,0.659595822840746,0,3,9,13,25,2.9999990000003334,0.5199999792000009
334,4,12.745893750296467,0,0.6803449666257331,0,4,9,12,25,2.2499994375001404,0.4799999808000007
335,5,3.5954964809467054,1,0.9684225173724614,0,3,10,12,25,3.3333322222225923,0.4799999808000007
336,5,4.804679524418807,0,0.7810006132040745,0,6,7,12,25,1.1666664722222546,0.4799999808000007
337,2,13.32081538702337,1,0.7293935100183229,0,11,9,5,25,0.8181817438016598,0.19999999200000032
338,3,13.049197789704628,0,0.8826340436213407,0,4,13,8,25,3.2499991875002032,0.3199999872000005
339,50,0.6567203876226423,15,0.0585185075472334,1,2,11,12,25,5.499997250001375,0.4799999808000007
340,1,14.647971385315918,1,0.7046330644685955,0,6,9,10,25,1.4999997500000417,0.39999998400000064
341,2,3.778395034923208,0,0.8586243217193554,0,6,6,13,25,0.9999998333333611,0.5199999792000009
342,2,16.19724049968432,0,0.8829505958748587,0,3,9,13,25,2.9999990000003334,0.5199999792000009
343,3,19.59646654452989,0,0.6070213513089878,0,7,8,10,25,1.14285697959186,0.39999998400000064
344,5,7.750021835808654,1,0.9275245529350902,0,2,12,11,25,5.9999970000015,0.4399999824000007
345,3,9.605833765034031,1,0.9399433966090172,0,2,9,14,25,4.499997750001125,0.5599999776000009
346,3,6.008015943074081,0,0.7695677032656892,0,6,12,7,25,1.9999996666667221,0.27999998880000043
347,5,17.14060591727832,1,0.873314918639067,0,6,8,11,25,1.3333331111111482,0.4399999824000007
348,4,12.090074983489243,1,0.6614917805504315,0,3,19,3,25,6.333331222222926,0.11999999520000018
349,4,10.73962444415218,0,0.607725659142854,0,9,10,6,25,1.1111109876543348,0.23999999040000036
350,1,18.96435158867849,1,0.8289309758770883,0,5,6,14,25,1.199999760000048,0.5599999776000009
351,1,14.32490369571066,0,0.6001531578518966,0,4,12,9,25,2.9999992500001875,0.35999998560000057
352,3,3.498924798820114,0,0.7191854642563676,0,0,11,14,25,11000000.0,0.5599999776000009
353,4,6.213878547030922,1,0.7035662389798238,0,4,9,12,25,2.2499994375001404,0.4799999808000007
354,2,13.901411969019888,1,0.7928515811762866,0,4,10,11,25,2.499999375000156,0.4399999824000007
355,42,0.3335062817575736,13,0.2314557187315878,1,3,3,19,25,0.9999996666667778,0.7599999696000012
356,4,9.45459973171736,1,0.6919896230060016,0,3,8,14,25,2.666665777778074,0.5599999776000009
357,3,16.755671666340085,1,0.7402176980088044,0,8,10,7,25,1.2499998437500197,0.27999998880000043
358,1,12.564422610641865,0,0.9776059849879772,0,6,6,13,25,0.9999998333333611,0.5199999792000009
359,2,12.25130134444176,1,0.7418095273383576,0,4,7,14,25,1.7499995625001092,0.5599999776000009
360,2,6.026355847821332,1,0.7935602015256776,0,5,10,10,25,1.99999960000008,0.39999998400000064
361,5,16.557837525030017,1,0.9540474372221772,0,8,6,11,25,0.7499999062500118,0.4399999824000007
362,1,8.536769394157254,0,0.6044061557579423,0,8,5,12,25,0.6249999218750099,0.4799999808000007
363,1,18.45318646311576,0,0.9558051515025028,0,3,5,17,25,1.6666661111112961,0.679999972800001
364,4,18.298613535198427,0,0.7818139634718265,0,8,8,9,25,0.9999998750000157,0.35999998560000057
365,1,4.440376705183647,1,0.6138421414048869,0,2,12,11,25,5.9999970000015,0.4399999824000007
366,3,17.932332268077133,1,0.9441444551792182,0,3,11,11,25,3.6666654444448517,0.4399999824000007
367,3,12.942606994481286,1,0.8268979961062654,0,3,5,17,25,1.6666661111112961,0.679999972800001
368,5,11.459187060432198,0,0.9346110443988396,0,7,12,6,25,1.71428546938779,0.23999999040000036
369,4,10.399085195889548,1,0.6235720938362085,0,3,6,16,25,1.9999993333335555,0.639999974400001
370,4,6.71703287913642,0,0.6028613070836556,0,3,3,19,25,0.9999996666667778,0.7599999696000012
371,3,6.172712144758808,0,0.6681601499033728,0,5,5,15,25,0.99999980000004,0.599999976000001
372,3,16.75077741403336,1,0.6845128618416676,0,7,9,9,25,1.2857141020408425,0.35999998560000057
373,38,0.3686356913896504,10,0.0204827243849646,1,6,6,13,25,0.9999998333333611,0.5199999792000009
374,4,16.034359585863918,1,0.9562822704188912,0,8,8,9,25,0.9999998750000157,0.35999998560000057
375,3,3.654657561112481,0,0.9193679794345996,0,2,9,14,25,4.499997750001125,0.5599999776000009
376,3,8.044630685617948,0,0.8792057730330052,0,3,3,19,25,0.9999996666667778,0.7599999696000012
377,4,7.494450840136752,0,0.7132827341325716,0,2,6,17,25,2.99999850000075,0.679999972800001
378,2,3.700238224052089,0,0.8830304202756738,0,11,9,5,25,0.8181817438016598,0.19999999200000032
379,2,18.878544069827303,1,0.8323592195116452,0,8,9,8,25,1.1249998593750177,0.3199999872000005
380,5,11.693182679488366,0,0.7335706646913741,0,6,6,13,25,0.9999998333333611,0.5199999792000009
381,2,6.139805598939918,0,0.8479644921656792,0,6,11,8,25,1.8333330277778286,0.3199999872000005
382,4,5.796766819963212,1,0.960951855242749,0,6,9,10,25,1.4999997500000417,0.39999998400000064
383,2,19.548827127356414,1,0.8035577013940406,0,6,5,14,25,0.8333331944444675,0.5599999776000009
384,1,17.613196772014653,0,0.6877868456749725,0,5,13,7,25,2.599999480000104,0.27999998880000043
385,5,13.3335176278525,0,0.8497100329808663,0,4,10,11,25,2.499999375000156,0.4399999824000007
386,5,10.973003902395478,0,0.917572693866052,0,4,11,10,25,2.749999312500172,0.39999998400000064
387,1,12.713959189285884,1,0.7121102067077592,0,4,8,13,25,1.999999500000125,0.5199999792000009
388,50,0.8189078350380714,18,0.238689259333944,1,4,9,12,25,2.2499994375001404,0.4799999808000007
389,1,19.665066779099384,1,0.7457290115229018,0,7,12,6,25,1.71428546938779,0.23999999040000036
390,2,14.07193111528288,1,0.7552222111343698,0,3,13,9,25,4.33333188888937,0.35999998560000057
391,3,11.826192862229464,0,0.8485430424254833,0,2,10,13,25,4.99999750000125,0.5199999792000009
392,3,6.78950079891085,0,0.904237798132576,0,5,8,12,25,1.599999680000064,0.4799999808000007
393,5,11.915522772434548,0,0.8560375491135117,0,3,11,11,25,3.6666654444448517,0.4399999824000007
394,4,6.707041044015735,1,0.9313239469497472,0,3,12,10,25,3.999998666667111,0.39999998400000064
395,1,17.9421302465282,0,0.919423438708749,0,1,10,14,25,9.999990000010001,0.5599999776000009
396,4,14.471104092856043,0,0.8544455912855055,0,10,11,4,25,1.099999890000011,0.15999999360000025
397,3,5.678289378444815,0,0.6111798683864091,0,1,10,14,25,9.999990000010001,0.5599999776000009
398,2,4.333542428967176,1,0.8470681977433131,0,4,7,14,25,1.7499995625001092,0.5599999776000009
399,5,5.305046968697639,0,0.750721823129379,0,3,14,8,25,4.666665111111629,0.3199999872000005
400,2,9.185767282448918,1,0.9042669990405112,0,5,9,11,25,1.799999640000072,0.4399999824000007
401,1,5.004000795910688,0,0.8591537207281028,0,3,13,9,25,4.33333188888937,0.35999998560000057
402,2,18.4418748240628,0,0.9494481978562692,0,4,9,12,25,2.2499994375001404,0.4799999808000007
403,2,14.76064489062636,0,0.9421969348428916,0,3,13,9,25,4.33333188888937,0.35999998560000057
404,5,4.591944971805023,1,0.9705901708929332,0,4,11,10,25,2.749999312500172,0.39999998400000064
405,4,8.603591053391643,1,0.8723049776740366,0,3,9,13,25,2.9999990000003334,0.5199999792000009
406,1,18.84653497182714,1,0.8115156087107065,0,1,13,11,25,12.999987000013,0.4399999824000007
407,1,19.05397659421627,1,0.6790240971903541,0,5,9,11,25,1.799999640000072,0.4399999824000007
408,3,11.213812729737883,0,0.7661066172353916,0,5,9,11,25,1.799999640000072,0.4399999824000007
409,5,11.895325821048214,1,0.9058542649614328,0,6,8,11,25,1.3333331111111482,0.4399999824000007
410,4,7.121756718710836,1,0.8989826058395809,0,6,12,7,25,1.9999996666667221,0.27999998880000043
411,3,17.601362016074383,0,0.7754378450802617,0,5,9,11,25,1.799999640000072,0.4399999824000007
412,2,17.460299738324863,0,0.9386476665217937,0,6,6,13,25,0.9999998333333611,0.5199999792000009
413,4,10.479941342715058,1,0.6103009204718294,0,2,10,13,25,4.99999750000125,0.5199999792000009
414,2,7.392204997671808,0,0.6315058345310239,0,0,5,20,25,5000000.0,0.7999999680000013
415,5,14.879719182768907,0,0.9946361133791116,0,10,7,8,25,0.699999930000007,0.3199999872000005
416,2,18.57340037298318,0,0.7904718249642276,0,7,5,13,25,0.7142856122449125,0.5199999792000009
417,5,5.393618795541498,0,0.8935422623716531,0,7,8,10,25,1.14285697959186,0.39999998400000064
418,4,10.4891426093429,0,0.934180383031458,0,6,4,15,25,0.6666665555555741,0.599999976000001
419,1,3.510186434174046,1,0.8684552607807468,0,2,10,13,25,4.99999750000125,0.5199999792000009
420,3,18.96640062587292,0,0.8878301619005484,0,3,7,15,25,2.3333325555558146,0.599999976000001
421,2,18.635836762371103,0,0.9537618336467238,0,3,11,11,25,3.6666654444448517,0.4399999824000007
422,5,10.964005964326253,0,0.9064636040245736,0,5,8,12,25,1.599999680000064,0.4799999808000007
423,1,9.538493417727397,0,0.689476661146018,0,7,5,13,25,0.7142856122449125,0.5199999792000009
424,3,7.629335281077188,0,0.920614482080087,0,6,11,8,25,1.8333330277778286,0.3199999872000005
425,1,7.7235963735616995,0,0.9704295361092532,0,3,14,8,25,4.666665111111629,0.3199999872000005
426,5,6.626448080469609,0,0.66447552829202,0,3,7,15,25,2.3333325555558146,0.599999976000001
427,2,4.179628239862085,1,0.6923230034190131,0,3,10,12,25,3.3333322222225923,0.4799999808000007
428,4,17.368094249007957,0,0.90979431943046,0,6,14,5,25,2.3333329444445092,0.19999999200000032
429,2,6.085515829491848,1,0.6223616030214382,0,3,9,13,25,2.9999990000003334,0.5199999792000009
430,3,7.357422868115294,0,0.9108959385513482,0,4,13,8,25,3.2499991875002032,0.3199999872000005
431,3,18.105820913491137,0,0.8316401214303728,0,2,14,9,25,6.99999650000175,0.35999998560000057
432,48,0.8462803955833853,7,0.178681572957004,1,1,8,16,25,7.9999920000080005,0.639999974400001
433,3,15.954293922288723,1,0.7346266119735602,0,3,11,11,25,3.6666654444448517,0.4399999824000007
434,3,5.369683175901608,0,0.6380379158172261,0,6,10,9,25,1.666666388888935,0.35999998560000057
435,1,14.505485546020308,0,0.7400167591611027,0,1,13,11,25,12.999987000013,0.4399999824000007
436,4,14.9445612414131,0,0.6593007684029674,0,6,8,11,25,1.3333331111111482,0.4399999824000007
437,4,10.564745933139363,0,0.7147602271421757,0,3,8,14,25,2.666665777778074,0.5599999776000009
438,2,14.869808526017774,0,0.626615905335833,0,3,11,11,25,3.6666654444448517,0.4399999824000007
439,5,8.620436561361004,1,0.858071209955325,0,3,7,15,25,2.3333325555558146,0.599999976000001
440,1,15.612366682154702,0,0.8088866885978999,0,2,14,9,25,6.99999650000175,0.35999998560000057
441,4,18.75126927666981,1,0.8079939051001312,0,8,9,8,25,1.1249998593750177,0.3199999872000005
442,2,5.841796275130491,0,0.8938738609026711,0,4,7,14,25,1.7499995625001092,0.5599999776000009
443,1,5.036919106592993,0,0.6984742456407699,0,1,9,15,25,8.999991000009,0.599999976000001
444,2,10.13131300183968,0,0.6457588123856834,0,3,8,14,25,2.666665777778074,0.5599999776000009
445,37,0.5781711511330092,17,0.1141756482479481,1,1,8,16,25,7.9999920000080005,0.639999974400001
446,1,15.68006929129883,0,0.9331988446264612,0,5,8,12,25,1.599999680000064,0.4799999808000007
447,1,13.947129870709468,0,0.8001193415498323,0,3,14,8,25,4.666665111111629,0.3199999872000005
448,5,6.933560713401357,0,0.7098973570759853,0,4,10,11,25,2.499999375000156,0.4399999824000007
449,3,10.518470944554842,1,0.8151531615951488,0,2,10,13,25,4.99999750000125,0.5199999792000009
450,3,14.546729738673278,0,0.8552024213767893,0,7,14,4,25,1.999999714285755,0.15999999360000025
451,1,13.96514423912872,1,0.940349736837134,0,2,12,11,25,5.9999970000015,0.4399999824000007
452,4,8.100266348066324,0,0.7870878209906833,0,4,14,7,25,3.4999991250002185,0.27999998880000043
453,52,0.446363833108143,18,0.2203977546017049,1,8,8,9,25,0.9999998750000157,0.35999998560000057
454,4,12.891891144070842,1,0.7666237536105496,0,5,11,9,25,2.199999560000088,0.35999998560000057
455,1,13.069219591301913,0,0.7153688781972417,0,7,5,13,25,0.7142856122449125,0.5199999792000009
456,4,16.667655779924402,1,0.7850698630724057,0,5,12,8,25,2.399999520000096,0.3199999872000005
457,4,13.21725231494181,0,0.9392016113590688,0,6,7,12,25,1.1666664722222546,0.4799999808000007
458,3,9.815882348392108,1,0.7398937690801641,0,1,9,15,25,8.999991000009,0.599999976000001
459,3,11.336017898145949,1,0.8141972189811437,0,3,13,9,25,4.33333188888937,0.35999998560000057
460,1,7.255411904138948,0,0.9398805036821832,0,3,7,15,25,2.3333325555558146,0.599999976000001
461,2,8.916162465878706,1,0.7555665314443989,0,4,4,17,25,0.9999997500000625,0.679999972800001
462,2,15.592135245770184,0,0.8561339497428643,0,7,6,12,25,0.857142734693895,0.4799999808000007
463,5,4.597915670853074,0,0.9919814349016212,0,5,10,10,25,1.99999960000008,0.39999998400000064
464,1,13.693571497347785,0,0.735612288690464,0,4,9,12,25,2.2499994375001404,0.4799999808000007
465,5,15.76183460385194,0,0.8743521369978343,0,2,13,10,25,6.499996750001625,0.39999998400000064
466,2,14.690885355757498,0,0.808968447728184,0,6,11,8,25,1.8333330277778286,0.3199999872000005
467,4,3.776074508047428,0,0.9691451063726576,0,3,11,11,25,3.6666654444448517,0.4399999824000007
468,2,11.68230743726538,1,0.8382761949743592,0,4,8,13,25,1.999999500000125,0.5199999792000009
469,4,4.82442574764606,1,0.8604079608604713,0,4,10,11,25,2.499999375000156,0.4399999824000007
470,2,4.084220474173941,0,0.8996397003113459,0,3,19,3,25,6.333331222222926,0.11999999520000018
471,5,15.535140705174484,1,0.8459367300917567,0,2,17,6,25,8.499995750002125,0.23999999040000036
472,2,16.554957058753168,0,0.7245176323044507,0,8,11,6,25,1.3749998281250215,0.23999999040000036
473,4,7.139807884920917,0,0.9396087161149674,0,2,16,7,25,7.999996000002,0.27999998880000043
474,5,13.800079033541998,0,0.7604358783378641,0,4,7,14,25,1.7499995625001092,0.5599999776000009
475,2,8.154763031647919,0,0.8268608439766344,0,4,8,13,25,1.999999500000125,0.5199999792000009
476,5,11.058940810052468,0,0.9442695704946134,0,7,8,10,25,1.14285697959186,0.39999998400000064
477,5,15.730421153925118,1,0.6759662845311623,0,2,10,13,25,4.99999750000125,0.5199999792000009
478,5,16.72932704835367,0,0.6001318303421853,0,2,10,13,25,4.99999750000125,0.5199999792000009
479,2,16.6232454432421,1,0.8128131284832876,0,1,12,12,25,11.999988000012001,0.4799999808000007
480,5,8.481839350653274,1,0.8833109697887084,0,5,10,10,25,1.99999960000008,0.39999998400000064
481,3,14.727217899212391,0,0.7265810127430761,0,3,9,13,25,2.9999990000003334,0.5199999792000009
482,3,9.229928773680756,1,0.6819589028250257,0,4,10,11,25,2.499999375000156,0.4399999824000007
483,3,9.055742915168818,0,0.7030404765221411,0,3,5,17,25,1.6666661111112961,0.679999972800001
484,5,5.047822740747824,0,0.6718863080400763,0,3,12,10,25,3.999998666667111,0.39999998400000064
485,5,19.96980525292899,1,0.8951430400473157,0,1,9,15,25,8.999991000009,0.599999976000001
486,3,11.843994102000703,1,0.649415499914647,0,1,12,12,25,11.999988000012001,0.4799999808000007
487,4,12.540277802524043,1,0.9454501435420238,0,7,10,8,25,1.428571224489825,0.3199999872000005
488,3,15.66349013504986,0,0.9403872331694634,0,2,5,18,25,2.499998750000625,0.7199999712000011
489,5,4.639835670942017,0,0.780392623841546,0,5,6,14,25,1.199999760000048,0.5599999776000009
490,1,9.167387487808794,1,0.6480562825955584,0,4,9,12,25,2.2499994375001404,0.4799999808000007
491,3,11.805804149621034,1,0.773283604930987,0,1,13,11,25,12.999987000013,0.4399999824000007
492,1,19.71892790704365,1,0.87452092689866,0,4,11,10,25,2.749999312500172,0.39999998400000064
493,3,19.97678421566072,0,0.6268219657424584,0,5,9,11,25,1.799999640000072,0.4399999824000007
494,4,8.931845354560714,1,0.9841070498508367,0,6,9,10,25,1.4999997500000417,0.39999998400000064
495,2,14.267390279783216,0,0.9662217022102292,0,7,10,8,25,1.428571224489825,0.3199999872000005
496,4,9.204202962442086,1,0.8977453933125714,0,2,10,13,25,4.99999750000125,0.5199999792000009
497,5,4.28633637366467,0,0.776573536888661,0,7,7,11,25,0.9999998571428775,0.4399999824000007
498,2,7.54791021247387,1,0.8497668275242142,0,5,14,6,25,2.799999440000112,0.23999999040000036
499,5,14.60946297093732,1,0.8932334047160799,0,4,9,12,25,2.2499994375001404,0.4799999808000007
500,3,6.22411585651501,1,0.942792613009826,0,4,14,7,25,3.4999991250002185,0.27999998880000043
501,4,3.0489423643656477,0,0.995304580797203,0,2,8,15,25,3.999998000001,0.599999976000001
502,1,13.338998898435356,0,0.9168536537051852,0,6,9,10,25,1.4999997500000417,0.39999998400000064
503,1,12.370714034571884,1,0.7548432861663064,0,3,8,14,25,2.666665777778074,0.5599999776000009
504,3,4.750176585985947,1,0.9414312358584228,0,3,6,16,25,1.9999993333335555,0.639999974400001
505,1,10.630128795035398,0,0.8465002913196157,0,7,8,10,25,1.14285697959186,0.39999998400000064
506,33,0.1676321941845023,19,0.0279050777090698,1,6,11,8,25,1.8333330277778286,0.3199999872000005
507,28,0.1070429100427565,15,0.1512726093548293,1,2,9,14,25,4.499997750001125,0.5599999776000009
508,4,5.268038348548665,0,0.7850044429172254,0,4,10,11,25,2.499999375000156,0.4399999824000007
509,28,0.2733173881465289,13,0.0665534807451643,1,3,6,16,25,1.9999993333335555,0.639999974400001
510,5,12.86319000085823,0,0.697303140093067,0,1,9,15,25,8.999991000009,0.599999976000001
511,5,3.066070862590556,0,0.7191735421949437,0,10,9,6,25,0.8999999100000091,0.23999999040000036
512,3,3.1857049641216197,0,0.9987494300005662,0,3,14,8,25,4.666665111111629,0.3199999872000005
513,4,14.392026475016351,1,0.6194047936055532,0,5,14,6,25,2.799999440000112,0.23999999040000036
514,1,13.563358582046805,1,0.9278778784137668,0,9,5,11,25,0.5555554938271674,0.4399999824000007
515,3,17.2332040252108,1,0.6508559615406155,0,5,11,9,25,2.199999560000088,0.35999998560000057
516,29,0.5752498960931045,13,0.061064758982752,1,4,11,10,25,2.749999312500172,0.39999998400000064
517,4,5.230840865296722,1,0.9153720890711908,0,4,11,10,25,2.749999312500172,0.39999998400000064
518,1,17.763454753972837,1,0.7585416855053506,0,1,9,15,25,8.999991000009,0.599999976000001
519,4,6.025760847313705,0,0.6265859480064061,0,2,9,14,25,4.499997750001125,0.5599999776000009
520,2,11.188144285208988,1,0.624041599228247,0,4,12,9,25,2.9999992500001875,0.35999998560000057
521,1,19.813632392852806,1,0.9915876846942348,0,7,10,8,25,1.428571224489825,0.3199999872000005
522,2,15.456141349905048,0,0.8231305408747988,0,5,8,12,25,1.599999680000064,0.4799999808000007
523,5,16.58607380687736,1,0.8215379240389028,0,6,5,14,25,0.8333331944444675,0.5599999776000009
524,5,19.46871475744297,0,0.6264427877102244,0,8,10,7,25,1.2499998437500197,0.27999998880000043
525,2,6.110767884284379,0,0.7772969828716425,0,2,10,13,25,4.99999750000125,0.5199999792000009
526,5,18.091343327584887,1,0.776879022849269,0,6,4,15,25,0.6666665555555741,0.599999976000001
527,3,13.530316675972244,1,0.9848629736817688,0,3,7,15,25,2.3333325555558146,0.599999976000001
528,2,14.764308933815702,0,0.6817618901919247,0,2,9,14,25,4.499997750001125,0.5599999776000009
529,1,4.779131658455187,1,0.8102345927799767,0,2,7,16,25,3.499998250000875,0.639999974400001
530,2,14.667191606828608,0,0.7111371184435654,0,3,6,16,25,1.9999993333335555,0.639999974400001
531,5,3.2935209779101093,1,0.7447001752860263,0,3,11,11,25,3.6666654444448517,0.4399999824000007
532,4,19.052649197217928,1,0.9225261520141256,0,5,10,10,25,1.99999960000008,0.39999998400000064
533,5,17.022592586676637,0,0.6858483500485497,0,5,10,10,25,1.99999960000008,0.39999998400000064
534,5,13.011809867696355,1,0.7474633359048397,0,3,5,17,25,1.6666661111112961,0.679999972800001
535,4,6.212194441812354,0,0.8960302834472835,0,6,10,9,25,1.666666388888935,0.35999998560000057
536,4,16.57946022782429,1,0.7893988848643749,0,3,6,16,25,1.9999993333335555,0.639999974400001
537,2,9.67880507860795,1,0.8355080862069756,0,6,9,10,25,1.4999997500000417,0.39999998400000064
538,5,8.670197552042282,1,0.7692128406299127,0,3,8,14,25,2.666665777778074,0.5599999776000009
539,4,8.01791036057082,0,0.8133824302095789,0,6,13,6,25,2.1666663055556157,0.23999999040000036
540,2,12.911705959365907,1,0.7377515551107137,0,4,14,7,25,3.4999991250002185,0.27999998880000043
541,3,5.810746083270951,1,0.9093134214512628,0,4,11,10,25,2.749999312500172,0.39999998400000064
542,5,7.134659087857386,0,0.6366180646431,0,6,10,9,25,1.666666388888935,0.35999998560000057
543,2,8.178991804056029,0,0.6848202684597156,0,1,9,15,25,8.999991000009,0.599999976000001
544,3,11.381615713268236,1,0.9587667514591808,0,2,11,12,25,5.499997250001375,0.4799999808000007
545,3,7.370298166426786,0,0.6918643530045182,0,2,11,12,25,5.499997250001375,0.4799999808000007
546,1,15.842912142222708,0,0.9143604563177762,0,4,10,11,25,2.499999375000156,0.4399999824000007
547,4,11.873077503826698,1,0.7753113408061264,0,4,7,14,25,1.7499995625001092,0.5599999776000009
548,5,17.356806607199232,1,0.6186559470143296,0,4,7,14,25,1.7499995625001092,0.5599999776000009
549,3,3.5017253617104767,1,0.7487287025583993,0,3,12,10,25,3.999998666667111,0.39999998400000064
550,1,11.340778378532168,1,0.6177506839610446,0,6,7,12,25,1.1666664722222546,0.4799999808000007
551,2,18.65112987277476,0,0.7949362110930246,0,5,7,13,25,1.399999720000056,0.5199999792000009
552,3,6.61295480165496,0,0.8053006887439791,0,5,9,11,25,1.799999640000072,0.4399999824000007
553,3,9.724906367436263,1,0.7592791070039304,0,2,9,14,25,4.499997750001125,0.5599999776000009
554,1,9.06368017527932,0,0.6604587642180545,0,4,6,15,25,1.4999996250000938,0.599999976000001
555,5,4.215122826946901,0,0.8650602031384109,0,4,11,10,25,2.749999312500172,0.39999998400000064
556,3,19.519038791248786,0,0.639369696857043,0,5,10,10,25,1.99999960000008,0.39999998400000064
557,5,9.912268112350862,0,0.6527117725162453,0,2,9,14,25,4.499997750001125,0.5599999776000009
558,2,12.871568952217157,1,0.6764081440793953,0,4,9,12,25,2.2499994375001404,0.4799999808000007
559,3,3.004531707438084,0,0.8064032682773494,0,4,7,14,25,1.7499995625001092,0.5599999776000009
560,4,11.798262828719386,1,0.8844146629671259,0,4,14,7,25,3.4999991250002185,0.27999998880000043
561,1,13.093564163428288,0,0.8123129817098993,0,4,12,9,25,2.9999992500001875,0.35999998560000057
562,1,19.68956391000665,0,0.9376139142072488,0,2,7,16,25,3.499998250000875,0.639999974400001
563,5,12.43211227538762,0,0.9759797597167796,0,5,9,11,25,1.799999640000072,0.4399999824000007
564,2,18.25479602599376,1,0.8110825781938105,0,5,9,11,25,1.799999640000072,0.4399999824000007
565,5,11.71393660339978,1,0.6823326224131072,0,6,10,9,25,1.666666388888935,0.35999998560000057
566,3,19.62805593869721,0,0.6300354364422683,0,4,13,8,25,3.2499991875002032,0.3199999872000005
567,2,4.734773056043325,1,0.6733377205254699,0,6,6,13,25,0.9999998333333611,0.5199999792000009
568,4,16.71053762964115,0,0.8901519813847294,0,7,8,10,25,1.14285697959186,0.39999998400000064
569,4,13.870457378163977,0,0.6107222827333977,0,4,8,13,25,1.999999500000125,0.5199999792000009
570,2,10.465112921373642,0,0.7083201281285929,0,4,8,13,25,1.999999500000125,0.5199999792000009
571,4,19.33739156365499,1,0.9073818140108888,0,7,10,8,25,1.428571224489825,0.3199999872000005
572,2,3.465688405792468,1,0.7572550994839464,0,3,14,8,25,4.666665111111629,0.3199999872000005
573,4,18.687348848781674,0,0.9748657998648352,0,3,8,14,25,2.666665777778074,0.5599999776000009
574,1,16.783236905971155,1,0.7897648882051403,0,4,7,14,25,1.7499995625001092,0.5599999776000009
575,1,16.107992538236317,0,0.7326920044545204,0,4,6,15,25,1.4999996250000938,0.599999976000001
576,2,5.961493103072633,1,0.7905402559399493,0,7,7,11,25,0.9999998571428775,0.4399999824000007
577,3,8.34001188167948,0,0.8762050174113507,0,7,8,10,25,1.14285697959186,0.39999998400000064
578,2,10.436789643200502,1,0.9108881785375776,0,6,6,13,25,0.9999998333333611,0.5199999792000009
579,1,13.333306214013074,1,0.6007205363533579,0,4,7,14,25,1.7499995625001092,0.5599999776000009
580,4,5.943376135778091,1,0.7430598319663639,0,8,14,3,25,1.7499997812500274,0.11999999520000018
581,4,13.20601195602847,1,0.602394500792183,0,6,11,8,25,1.8333330277778286,0.3199999872000005
582,2,3.38885516951959,1,0.8344976520428786,0,4,7,14,25,1.7499995625001092,0.5599999776000009
583,2,10.446188418770378,1,0.7696005098777078,0,2,10,13,25,4.99999750000125,0.5199999792000009
584,4,12.500817268004347,0,0.8232500851113167,0,1,9,15,25,8.999991000009,0.599999976000001
585,3,19.7461069636867,0,0.8138604432029307,0,4,7,14,25,1.7499995625001092,0.5599999776000009
586,4,10.13761645410953,0,0.9556588761052164,0,5,13,7,25,2.599999480000104,0.27999998880000043
587,5,6.02219705522009,1,0.7401093793070498,0,3,12,10,25,3.999998666667111,0.39999998400000064
588,4,8.29941965757557,1,0.9156922877959872,0,4,7,14,25,1.7499995625001092,0.5599999776000009
589,1,9.531390645210546,1,0.8657644369229949,0,8,4,13,25,0.4999999375000079,0.5199999792000009
590,3,17.64683605890326,0,0.9813979210169456,0,5,7,13,25,1.399999720000056,0.5199999792000009
591,1,18.27839426622477,0,0.9587739176549608,0,6,11,8,25,1.8333330277778286,0.3199999872000005
592,3,17.34608436373565,0,0.711779513342817,0,2,9,14,25,4.499997750001125,0.5599999776000009
593,4,12.492231304750112,0,0.814079345638801,0,2,9,14,25,4.499997750001125,0.5599999776000009
594,2,8.921241820955103,0,0.9087162989237528,0,6,11,8,25,1.8333330277778286,0.3199999872000005
595,1,4.889434931911876,0,0.724451276883298,0,6,9,10,25,1.4999997500000417,0.39999998400000064
596,1,19.799066546911508,1,0.8216067964571374,0,4,10,11,25,2.499999375000156,0.4399999824000007
597,5,9.43688846205171,0,0.9319848424351896,0,2,14,9,25,6.99999650000175,0.35999998560000057
598,29,0.9673321261765668,16,0.2210424261648766,1,2,11,12,25,5.499997250001375,0.4799999808000007
599,3,4.008444667793134,1,0.8907054477469631,0,4,11,10,25,2.749999312500172,0.39999998400000064
600,5,14.977820000877138,0,0.6052595524964378,0,6,8,11,25,1.3333331111111482,0.4399999824000007
